Workbook

Sheet Data_Quality_Summary
A1: Data Quality Summary
A2: Customer Records Cleaning Project
A4: Data Quality Check | B4: Result
A5: Total Raw Records | B5: =COUNTA(Raw_Data!A2:A52) -> 51
A6: Duplicate Records Removed | B6: =COUNTA(Raw_Data!A2:A52)-COUNTA(_xlfn.UNIQUE(Raw_Data!A2:A52)) -> 1
A7: Missing Email Records | B7: =COUNTBLANK(Raw_Data!C2:C51) -> 1
A8: Final Clean Records | B8: =COUNTA(Cleaned_Data!A2:A51) -> 50
A9: Phone Numbers Standardized | B9: {=SUMPRODUCT(--NOT(EXACT(Working_Data!E2:E51,Working_Data!F2:F51)))} -> 36
A10: Department Values Standardized | B10: {=SUMPRODUCT(--NOT(EXACT(Working_Data!G2:G51,Working_Data!H2:H51)))} -> 5
A11: Status Values Standardized | B11: {=SUMPRODUCT(--NOT(EXACT(Working_Data!J2:J51,Working_Data!K2:K51)))} -> 26
A12: Customer Names Standardized | B12: {=SUMPRODUCT(--NOT(EXACT(Working_Data!B2:B51,Working_Data!C2:C51)))} -> 2
A14: Key Findings
A15: One (1) duplicate record was identified and removed.
A16: One (1) record had a missin email and was flagged for verification.
A17: Phone number formats were standardized across 36 records.
A18: Department values were standardized across 5 records.
A19: Status were standardized across 26 records.
A20: Customer names were standardized across 2 records.
A22: Cleaning Actions
A23: Reviewed the dataset for duplicate records.
A24: Removed one confirmed duplicate records.
A25: Identified and flagged one missing email for verification.
A26: Standardized phone numbers into a consistent 080XXXXXXXX format.
... A29: Removed unnecessary spaces and standardized capitalization in customer names.

Sheet Cleaned_Data
A1: Record_ID | B1: Customer_Name | C1: Email | D1: Phone | E1: Department | F1: Date | G1: Status | H1: Amount_NGN | I1: Data_Quality_Notes
A2: 1 | B2: Daniel Okafor | C2: daniel.okafor@example.com | D2: 08072117550 | E2: Sales | F2: 05/08/2026 | G2: Pending | H2: 22000
A3: 2 | B3: Michael Onyeka | C3: michael.onyeka@example.com | D3: 08083481367 | E3: Sales | F3: 09/08/2026 | G3: Pending | H3: 40000
A4: 3 | B4: Samuel Obi | C4: samuel.obi@example.com | D4: 08088409572 | E4: Customer Service | F4: 07/08/2026 | G4: Pending | H4: 18500
A5: 4 | B5: Ada Adebayo | C5: ada.adebayo@example.com | D5: 08077321077 | E5: Sales | F5: 07/08/2026 | G5: Completed | H5: 12500
A6: 5 | B6: Joy Onyeka | C6: joy.onyeka@example.com | D6: 08078951691 | E6: Customer Service | F6: 06/08/2026 | G6: Pending | H6: 32000
A7: 6 | B7: Grace Adeyemi | C7: grace.adeyemi@example.com | D7: 08055070003 | E7: Finance | F7: 05/08/2026 | G7: Pending | H7: 15000
A8: 7 | B8: Joseph Okeke | C8: joseph.okeke@example.com | D8: 08044769043 | E8: Sales | F8: 08/08/2026 | G8: Pending | H8: 25000
A9: 8 | B9: Grace Umeh | C9: grace.umeh@example.com | D9: 08091039726 | E9: Sales | F9: 06/08/2026 | G9: Completed | H9: 25000
A10: 9 | B10: Daniel Onyeka | C10: daniel.onyeka@example.com | D10: 08025645592 | E10: Operations | F10: 06/08/2026 | G10: Completed | H10: 25000
A11: 10 | B11: Victor Adeyemi | C11: victor.adeyemi@example.com | D11: 08069608269 | E11: Operations | F11: 07/08/2026 | G11: Pending | H11: 18500
A12: 11 | B12: Esther Adebayo | C12: esther.adebayo@example.com | D12: 08075196103 | E12: Sales | F12: 08/08/2026 | G12: Pending | H12: 15000
A13: 12 | B13: Emeka Okeke | D13: 08063207356 | E13: Operations | F13: 05/08/2026 | G13: Completed | H13: 22000 | I13: Missing email - requires verification
A14: 13 | B14: Emeka Onyeka | C14: emeka.onyeka@example.com | D14: 08076306338 | E14: Operations | F14: 08/08/2026 | G14: Completed | H14: 22000
A15: 14 | B15: Ngozi Adeyemi | C15: ngozi.adeyemi@example.com | D15: 08051637154 | E15: Sales | F15: 06/08/2026 | G15: Completed | H15: 12500
A16: 15 | B16: Grace Obi | C16: grace.obi@example.com | D16: 08064260771 | E16: Customer Service | F16: 08/08/2026 | G16: Completed | H16: 32000
A17: 16 | B17: Joy Umeh | C17: joy.umeh@example.com | D17: 08075620223 | E17: Sales | F17: 08/08/2026 | G17: Pending | H17: 25000
A18: 17 | B18: Mary Okafor | C18: mary.okafor@example.com | D18: 08047562240 | E18: Customer Service | F18: 05/08/2026 | G18: Completed | H18: 40000
A19: 18 | B19: Joseph Obi | C19: joseph.obi@example.com | D19: 08094847092 | E19: Sales | F19: 08/08/2026 | G19: Pending | H19: 40000
A20: 19 | B20: Chioma Okeke | C20: chioma.okeke@example.com | D20: 08036937066 | E20: Operations | F20: 09/08/2026 | G20: Completed | H20: 40000
A21: 20 | B21: Blessing Okafor | C21: blessing.okafor@example.com | D21: 08079285447 | E21: Operations | F21: 08/08/2026 | G21: Completed | H21: 12500
A22: 21 | B22: Blessing Obi | C22: blessing.obi@example.com | D22: 08002426353 | E22: Customer Service | F22: 07/08/2026 | G22: Completed | H22: 40000
A23: 22 | B23: Esther Adeyemi | C23: esther.adeyemi@example.com | D23: 08033710029 | E23: Finance | F23: 05/08/2026 | G23: Completed | H23: 32000
A24: 23 | B24: David Ibrahim | C24: david.ibrahim@example.com | D24: 08056189025 | E24: Operations | F24: 09/08/2026 | G24: Completed | H24: 40000
A25: 24 | B25: Daniel Nwosu | C25: daniel.nwosu@example.com | D25: 08062025146 | E25: Sales | F25: 06/08/2026 | G25: Completed | H25: 12500
... A51: 50 | B51: Esther Ibrahim | C51: esther.ibrahim@example.com | D51: 08009595271 | E51: Operations | F51: 08/08/2026 | G51: Pending | H51: 40000

Sheet Raw_Data
A1: Record_ID | B1: Customer_Name | C1: Email | D1: Phone | E1: Department | F1: Date | G1: Status | H1: Amount_NGN
A2: 1 | B2: Daniel Okafor | C2: daniel.okafor@example.com | D2: 08072117550 | E2: Sales | F2: 05/08/2026 | G2: Pending | H2: 22000
A3: 2 | B3: Michael Onyeka | C3: michael.onyeka@example.com | D3: 080-8348-1367 | E3: Sales | F3: 09/08/2026 | G3: Pending | H3: 40000
A4: 3 | B4: Samuel Obi | C4: samuel.obi@example.com | D4: +2348088409572 | E4: Customer Service | F4: 07/08/2026 | G4: Pending | H4: 18500
A5: 4 | B5: Ada Adebayo | C5: ada.adebayo@example.com | D5: 080-7732-1077 | E5: sales | F5: 07/08/2026 | G5: Completed | H5: 12500
A6: 5 | B6: Joy Onyeka | C6: joy.onyeka@example.com | D6: 080-7895-1691 | E6: Customer Service | F6: 06/08/2026 | G6: Pending | H6: 32000
A7: 6 | B7: Grace Adeyemi | C7: grace.adeyemi@example.com | D7: +2348055070003 | E7: Finance | F7: 05/08/2026 | G7: Pending | H7: 15000
A8: 7 | B8: Joseph Okeke | C8: joseph.okeke@example.com | D8: 08044769043 | E8: sales | F8: 08/08/2026 | G8: Pending | H8: 25000
A9: 8 | B9: Grace Umeh | C9: grace.umeh@example.com | D9: 08091039726 | E9: Sales | F9: 06/08/2026 | G9: Completed | H9: 25000
A10: 9 | B10: Daniel Onyeka | C10: daniel.onyeka@example.com | D10: 08025645592 | E10: Operations | F10: 06/08/2026 | G10: completed | H10: 25000
A11: 10 | B11: Victor Adeyemi | C11: victor.adeyemi@example.com | D11: 08069608269 | E11: Operations | F11: 07/08/2026 | G11: Pending | H11: 18500
A12: 11 | B12: Esther Adebayo | C12: esther.adebayo@example.com | D12: 08075196103 | E12: sales | F12: 08/08/2026 | G12: Pending | H12: 15000
A13: 12 | B13: Emeka Okeke | D13: 080-6320-7356 | E13: Operations | F13: 05/08/2026 | G13: Completed | H13: 22000
A14: 13 | B14: Emeka Onyeka | C14: emeka.onyeka@example.com | D14: 080-7630-6338 | E14: Operations | F14: 08/08/2026 | G14: completed | H14: 22000
A15: 14 | B15: Ngozi Adeyemi | C15: ngozi.adeyemi@example.com | D15: 08051637154 | E15: sales | F15: 06/08/2026 | G15: completed | H15: 12500
A16: 15 | B16: Grace Obi | C16: grace.obi@example.com | D16: +2348064260771 | E16: Customer Service | F16: 08/08/2026 | G16: completed | H16: 32000
A17: 16 | B17: Joy Umeh | C17: joy.umeh@example.com | D17: +2348075620223 | E17: Sales | F17: 08/08/2026 | G17: Pending | H17: 25000
A18: 17 | B18: Mary Okafor | C18: mary.okafor@example.com | D18: +2348047562240 | E18: Customer Service | F18: 05/08/2026 | G18: Completed | H18: 40000
A19: 18 | B19: Joseph Obi | C19: joseph.obi@example.com | D19: +2348094847092 | E19: Sales | F19: 08/08/2026 | G19: Pending | H19: 40000
A20: 19 | B20: Chioma Okeke | C20: chioma.okeke@example.com | D20: +2348036937066 | E20: Operations | F20: 09/08/2026 | G20: Completed | H20: 40000
A21: 20 | B21: Blessing Okafor | C21: blessing.okafor@example.com | D21: +2348079285447 | E21: Operations | F21: 08/08/2026 | G21: Completed | H21: 12500
A22: 21 | B22: Blessing Obi | C22: blessing.obi@example.com | D22: 080-0242-6353 | E22: Customer Service | F22: 07/08/2026 | G22: completed | H22: 40000
A23: 22 | B23: Esther Adeyemi | C23: esther.adeyemi@example.com | D23: 080-3371-0029 | E23: Finance | F23: 05/08/2026 | G23: Completed | H23: 32000
A24: 23 | B24: David Ibrahim | C24: david.ibrahim@example.com | D24: +2348056189025 | E24: Operations | F24: 09/08/2026 | G24: Completed | H24: 40000
A25: 24 | B25: Daniel Nwosu | C25: daniel.nwosu@example.com | D25: 08062025146 | E25: Sales | F25: 06/08/2026 | G25: Completed | H25: 12500
... A52: 10 | B52: Victor Adeyemi | C52: victor.adeyemi@example.com | D52: 08069608269 | E52: Operations | F52: 07/08/2026 | G52: Pending | H52: 18500

Sheet Working_Data
A1: Record_ID | B1: Customer_Name | C1: Clean_Customer_Name | D1: Email | E1: Phone | F1: Clean_Phone | G1: Department | H1: Clean_Department | I1: Date | J1: Status | K1: Clean_Status | L1: Amount_NGN | M1: Data_Quality_Notes
A2: 1 | B2: Daniel Okafor | C2: =PROPER(TRIM(B2)) -> Daniel Okafor | D2: daniel.okafor@example.com | E2: 08072117550 | F2: =IF(LEFT(E2,4)="+234","0"&MID(E2,5,10),SUBSTITUTE(E2,"-","")) -> 08072117550 | G2: Sales | H2: =PROPER(G2) -> Sales | I2: 05/08/2026 | J2: Pending | K2: =PROPER(TRIM(J2)) -> Pending | L2: 22000
A3: 2 | B3: Michael Onyeka | C3: =PROPER(TRIM(B3)) -> Michael Onyeka | D3: michael.onyeka@example.com | E3: 080-8348-1367 | F3: =IF(LEFT(E3,4)="+234","0"&MID(E3,5,10),SUBSTITUTE(E3,"-","")) -> 08083481367 | G3: Sales | H3: =PROPER(G3) -> Sales | I3: 09/08/2026 | J3: Pending | K3: =PROPER(TRIM(J3)) -> Pending | L3: 40000
A4: 3 | B4: Samuel Obi | C4: =PROPER(TRIM(B4)) -> Samuel Obi | D4: samuel.obi@example.com | E4: +2348088409572 | F4: =IF(LEFT(E4,4)="+234","0"&MID(E4,5,10),SUBSTITUTE(E4,"-","")) -> 08088409572 | G4: Customer Service | H4: =PROPER(G4) -> Customer Service | I4: 07/08/2026 | J4: Pending | K4: =PROPER(TRIM(J4)) -> Pending | L4: 18500
A5: 4 | B5: Ada Adebayo | C5: =PROPER(TRIM(B5)) -> Ada Adebayo | D5: ada.adebayo@example.com | E5: 080-7732-1077 | F5: =IF(LEFT(E5,4)="+234","0"&MID(E5,5,10),SUBSTITUTE(E5,"-","")) -> 08077321077 | G5: sales | H5: =PROPER(G5) -> Sales | I5: 07/08/2026 | J5: Completed | K5: =PROPER(TRIM(J5)) -> Completed | L5: 12500
A6: 5 | B6: Joy Onyeka | C6: =PROPER(TRIM(B6)) -> Joy Onyeka | D6: joy.onyeka@example.com | E6: 080-7895-1691 | F6: =IF(LEFT(E6,4)="+234","0"&MID(E6,5,10),SUBSTITUTE(E6,"-","")) -> 08078951691 | G6: Customer Service | H6: =PROPER(G6) -> Customer Service | I6: 06/08/2026 | J6: Pending | K6: =PROPER(TRIM(J6)) -> Pending | L6: 32000
A7: 6 | B7: Grace Adeyemi | C7: =PROPER(TRIM(B7)) -> Grace Adeyemi | D7: grace.adeyemi@example.com | E7: +2348055070003 | F7: =IF(LEFT(E7,4)="+234","0"&MID(E7,5,10),SUBSTITUTE(E7,"-","")) -> 08055070003 | G7: Finance | H7: =PROPER(G7) -> Finance | I7: 05/08/2026 | J7: Pending | K7: =PROPER(TRIM(J7)) -> Pending | L7: 15000
A8: 7 | B8: Joseph Okeke | C8: =PROPER(TRIM(B8)) -> Joseph Okeke | D8: joseph.okeke@example.com | E8: 08044769043 | F8: =IF(LEFT(E8,4)="+234","0"&MID(E8,5,10),SUBSTITUTE(E8,"-","")) -> 08044769043 | G8: sales | H8: =PROPER(G8) -> Sales | I8: 08/08/2026 | J8: Pending | K8: =PROPER(TRIM(J8)) -> Pending | L8: 25000
A9: 8 | B9: Grace Umeh | C9: =PROPER(TRIM(B9)) -> Grace Umeh | D9: grace.umeh@example.com | E9: 08091039726 | F9: =IF(LEFT(E9,4)="+234","0"&MID(E9,5,10),SUBSTITUTE(E9,"-","")) -> 08091039726 | G9: Sales | H9: =PROPER(G9) -> Sales | I9: 06/08/2026 | J9: Completed | K9: =PROPER(TRIM(J9)) -> Completed | L9: 25000
A10: 9 | B10: Daniel Onyeka | C10: =PROPER(TRIM(B10)) -> Daniel Onyeka | D10: daniel.onyeka@example.com | E10: 08025645592 | F10: =IF(LEFT(E10,4)="+234","0"&MID(E10,5,10),SUBSTITUTE(E10,"-","")) -> 08025645592 | G10: Operations | H10: =PROPER(G10) -> Operations | I10: 06/08/2026 | J10: completed | K10: =PROPER(TRIM(J10)) -> Completed | L10: 25000
A11: 10 | B11: Victor Adeyemi | C11: =PROPER(TRIM(B11)) -> Victor Adeyemi | D11: victor.adeyemi@example.com | E11: 08069608269 | F11: =IF(LEFT(E11,4)="+234","0"&MID(E11,5,10),SUBSTITUTE(E11,"-","")) -> 08069608269 | G11: Operations | H11: =PROPER(G11) -> Operations | I11: 07/08/2026 | J11: Pending | K11: =PROPER(TRIM(J11)) -> Pending | L11: 18500
A12: 11 | B12: Esther Adebayo | C12: =PROPER(TRIM(B12)) -> Esther Adebayo | D12: esther.adebayo@example.com | E12: 08075196103 | F12: =IF(LEFT(E12,4)="+234","0"&MID(E12,5,10),SUBSTITUTE(E12,"-","")) -> 08075196103 | G12: sales | H12: =PROPER(G12) -> Sales | I12: 08/08/2026 | J12: Pending | K12: =PROPER(TRIM(J12)) -> Pending | L12: 15000
A13: 12 | B13: Emeka Okeke | C13: =PROPER(TRIM(B13)) -> Emeka Okeke | E13: 080-6320-7356 | F13: =IF(LEFT(E13,4)="+234","0"&MID(E13,5,10),SUBSTITUTE(E13,"-","")) -> 08063207356 | G13: Operations | H13: =PROPER(G13) -> Operations | I13: 05/08/2026 | J13: Completed | K13: =PROPER(TRIM(J13)) -> Completed | L13: 22000 | M13: Missing Email - requires verification
A14: 13 | B14: Emeka Onyeka | C14: =PROPER(TRIM(B14)) -> Emeka Onyeka | D14: emeka.onyeka@example.com | E14: 080-7630-6338 | F14: =IF(LEFT(E14,4)="+234","0"&MID(E14,5,10),SUBSTITUTE(E14,"-","")) -> 08076306338 | G14: Operations | H14: =PROPER(G14) -> Operations | I14: 08/08/2026 | J14: completed | K14: =PROPER(TRIM(J14)) -> Completed | L14: 22000
A15: 14 | B15: Ngozi Adeyemi | C15: =PROPER(TRIM(B15)) -> Ngozi Adeyemi | D15: ngozi.adeyemi@example.com | E15: 08051637154 | F15: =IF(LEFT(E15,4)="+234","0"&MID(E15,5,10),SUBSTITUTE(E15,"-","")) -> 08051637154 | G15: sales | H15: =PROPER(G15) -> Sales | I15: 06/08/2026 | J15: completed | K15: =PROPER(TRIM(J15)) -> Completed | L15: 12500
A16: 15 | B16: Grace Obi | C16: =PROPER(TRIM(B16)) -> Grace Obi | D16: grace.obi@example.com | E16: +2348064260771 | F16: =IF(LEFT(E16,4)="+234","0"&MID(E16,5,10),SUBSTITUTE(E16,"-","")) -> 08064260771 | G16: Customer Service | H16: =PROPER(G16) -> Customer Service | I16: 08/08/2026 | J16: completed | K16: =PROPER(TRIM(J16)) -> Completed | L16: 32000
A17: 16 | B17: Joy Umeh | C17: =PROPER(TRIM(B17)) -> Joy Umeh | D17: joy.umeh@example.com | E17: +2348075620223 | F17: =IF(LEFT(E17,4)="+234","0"&MID(E17,5,10),SUBSTITUTE(E17,"-","")) -> 08075620223 | G17: Sales | H17: =PROPER(G17) -> Sales | I17: 08/08/2026 | J17: Pending | K17: =PROPER(TRIM(J17)) -> Pending | L17: 25000
A18: 17 | B18: Mary Okafor | C18: =PROPER(TRIM(B18)) -> Mary Okafor | D18: mary.okafor@example.com | E18: +2348047562240 | F18: =IF(LEFT(E18,4)="+234","0"&MID(E18,5,10),SUBSTITUTE(E18,"-","")) -> 08047562240 | G18: Customer Service | H18: =PROPER(G18) -> Customer Service | I18: 05/08/2026 | J18: Completed | K18: =PROPER(TRIM(J18)) -> Completed | L18: 40000
A19: 18 | B19: Joseph Obi | C19: =PROPER(TRIM(B19)) -> Joseph Obi | D19: joseph.obi@example.com | E19: +2348094847092 | F19: =IF(LEFT(E19,4)="+234","0"&MID(E19,5,10),SUBSTITUTE(E19,"-","")) -> 08094847092 | G19: Sales | H19: =PROPER(G19) -> Sales | I19: 08/08/2026 | J19: Pending | K19: =PROPER(TRIM(J19)) -> Pending | L19: 40000
A20: 19 | B20: Chioma Okeke | C20: =PROPER(TRIM(B20)) -> Chioma Okeke | D20: chioma.okeke@example.com | E20: +2348036937066 | F20: =IF(LEFT(E20,4)="+234","0"&MID(E20,5,10),SUBSTITUTE(E20,"-","")) -> 08036937066 | G20: Operations | H20: =PROPER(G20) -> Operations | I20: 09/08/2026 | J20: Completed | K20: =PROPER(TRIM(J20)) -> Completed | L20: 40000
A21: 20 | B21: Blessing Okafor | C21: =PROPER(TRIM(B21)) -> Blessing Okafor | D21: blessing.okafor@example.com | E21: +2348079285447 | F21: =IF(LEFT(E21,4)="+234","0"&MID(E21,5,10),SUBSTITUTE(E21,"-","")) -> 08079285447 | G21: Operations | H21: =PROPER(G21) -> Operations | I21: 08/08/2026 | J21: Completed | K21: =PROPER(TRIM(J21)) -> Completed | L21: 12500
A22: 21 | B22: Blessing Obi | C22: =PROPER(TRIM(B22)) -> Blessing Obi | D22: blessing.obi@example.com | E22: 080-0242-6353 | F22: =IF(LEFT(E22,4)="+234","0"&MID(E22,5,10),SUBSTITUTE(E22,"-","")) -> 08002426353 | G22: Customer Service | H22: =PROPER(G22) -> Customer Service | I22: 07/08/2026 | J22: completed | K22: =PROPER(TRIM(J22)) -> Completed | L22: 40000
A23: 22 | B23: Esther Adeyemi | C23: =PROPER(TRIM(B23)) -> Esther Adeyemi | D23: esther.adeyemi@example.com | E23: 080-3371-0029 | F23: =IF(LEFT(E23,4)="+234","0"&MID(E23,5,10),SUBSTITUTE(E23,"-","")) -> 08033710029 | G23: Finance | H23: =PROPER(G23) -> Finance | I23: 05/08/2026 | J23: Completed | K23: =PROPER(TRIM(J23)) -> Completed | L23: 32000
A24: 23 | B24: David Ibrahim | C24: =PROPER(TRIM(B24)) -> David Ibrahim | D24: david.ibrahim@example.com | E24: +2348056189025 | F24: =IF(LEFT(E24,4)="+234","0"&MID(E24,5,10),SUBSTITUTE(E24,"-","")) -> 08056189025 | G24: Operations | H24: =PROPER(G24) -> Operations | I24: 09/08/2026 | J24: Completed | K24: =PROPER(TRIM(J24)) -> Completed | L24: 40000
A25: 24 | B25: Daniel Nwosu | C25: =PROPER(TRIM(B25)) -> Daniel Nwosu | D25: daniel.nwosu@example.com | E25: 08062025146 | F25: =IF(LEFT(E25,4)="+234","0"&MID(E25,5,10),SUBSTITUTE(E25,"-","")) -> 08062025146 | G25: Sales | H25: =PROPER(G25) -> Sales | I25: 06/08/2026 | J25: Completed | K25: =PROPER(TRIM(J25)) -> Completed | L25: 12500
... A51: 50 | B51: Esther Ibrahim | C51: =PROPER(TRIM(B51)) -> Esther Ibrahim | D51: esther.ibrahim@example.com | E51: +2348009595271 | F51: =IF(LEFT(E51,4)="+234","0"&MID(E51,5,10),SUBSTITUTE(E51,"-","")) -> 08009595271 | G51: Operations | H51: =PROPER(G51) -> Operations | I51: 08/08/2026 | J51: Pending | K51: =PROPER(TRIM(J51)) -> Pending | L51: 40000
